0,0,0.03125,0.03125,34,1,3.2,0,899
1,1,3,32,169,37,4.3,0,6999
2,2,0.0625,0.0625,119,11,3.4,0,669
2,3,0.0625,0.0625,54,2,3.4,0,699
3,4,4,128,36457,2831,4.6,0,53999
3,4,4,64,36457,2831,4.6,0,46999
3,4,4,64,36457,2831,4.6,0,46999
3,5,4,128,1894,169,4.7,0,84900
3,6,3,64,27442,2853,4.5,0,34999
3,7,2,64,12954,1298,4.5,0,45999
3,7,2,32,12954,1298,4.5,0,40999
3,7,2,64,93164,7966,4.5,0,29999
3,7,2,64,93164,7966,4.5,0,29999
3,8,3,128,14480,1414,4.2,0,43999
3,8,3,32,11572,975,4.6,0,46999
3,8,3,64,77597,6641,4.6,0,38999
3,4,4,128,9760,961,4.2,1,53999
3,4,4,64,36305,2815,4.6,1,46999
3,5,4,128,1891,169,4.7,1,84900
3,5,4,256,1894,169,4.7,1,94900
3,5,4,256,1891,169,4.7,1,94900
3,5,4,64,1891,169,4.7,1,79900
3,7,2,128,93231,7967,4.5,1,34999
3,7,2,128,93231,7967,4.5,1,34999
3,7,2,256,93231,7967,4.5,1,44999
3,7,2,64,93231,7967,4.5,1,29999
3,7,2,64,12954,1298,4.5,1,40999
3,8,3,64,11572,975,4.6,1,52999
3,8,3,128,77544,6632,4.6,1,43999
3,8,3,64,11572,975,4.6,1,46999
3,4,4,128,36457,2831,4.3,2,53999
3,4,4,64,36457,2831,4.6,2,46999
3,7,2,128,12954,1298,4.5,2,40999
3,7,2,64,93164,7966,4.5,2,29999
3,8,3,64,11572,975,4.6,2,46999
3,5,4,128,1894,169,4.7,3,84900
3,9,4,512,551,44,4.6,3,159900
3,8,3,128,11572,975,4.6,3,46999
3,8,3,64,11572,975,4.6,3,46999
3,4,4,64,36457,2831,4.6,4,46999
3,10,4,64,6992,514,4.6,4,79999
3,5,4,128,1892,169,4.5,4,84900
3,8,3,64,77597,6641,4.6,5,38999
3,8,3,64,77544,6632,4.6,5,38999
3,4,4,128,36305,2815,4.6,7,53999
3,4,4,64,36457,2831,4.6,7,46999
3,4,4,64,2784,194,4,10,46999
3,11,4,128,514,40,4.5,11,119900
4,12,0.0625,0.03125,168,8,3.8,0,1899
4,13,0.0234375,0.0234375,122,10,3.9,0,1699
5,14,0.009765625,0.009765625,1494,115,3.9,0,779
5,14,0.009765625,0.009765625,1494,115,3.9,0,779
5,14,0.009765625,0.009765625,1494,115,3.9,0,779
5,15,0.03125,0.03125,3692,261,4,0,1470
5,15,0.03125,0.03125,3686,261,4,0,1470
5,15,0.03125,0.03125,3686,261,4,0,1470
5,15,0.03125,0.03125,3692,261,4,0,1470
5,15,0.03125,0.03125,3692,261,4,0,1470
5,15,0.0625,0.0625,466,44,3.8,0,1470
5,16,0.0625,0.0625,66,13,3.2,0,619
5,17,0.0625,0.0625,392,22,4.3,0,1350
5,17,0.0625,0.0625,168,8,3.8,0,1350
5,18,0.03125,0.03125,35,3,4.3,0,1029
5,18,0.03125,0.03125,35,3,4.3,0,1029
5,19,0.009765625,0.009765625,707,58,3.8,0,599
5,20,0.0625,0.0625,187,14,4,0,849
5,20,0.0625,0.0625,188,14,4,0,849
5,20,0.0625,0.0625,187,14,4,0,849
5,20,0.0625,0.0625,188,14,4,0,849
6,21,4,64,192,11,3.4,11,6499
7,22,0.03125,0.03125,7580,739,3.6,0,765
7,22,0.03125,0.03125,7580,739,3.6,0,760
8,23,0.03125,0.03125,80,10,4.1,0,2699
9,24,0.03125,0.03125,104,10,3.8,0,699
9,25,0.03125,0.03125,115,21,4,0,1099
9,26,0.03125,0.03125,10354,1644,3.6,0,740
9,26,0.03125,0.03125,10354,1644,3.6,0,539
9,27,0.01171875,0.014648438,159,20,3.9,0,799
10,28,0.03125,0.03125,3,0,3.7,0,1349
10,28,0.03125,0.03125,3,0,3.7,0,1349
10,28,0.03125,0.03125,3,0,3.7,0,1349
10,28,0.03125,0.03125,3,0,3.7,0,1349
11,29,0.03125,0.03125,209,18,3.7,0,659
11,29,0.03125,0.03125,209,18,3.7,0,645
11,29,0.03125,0.03125,50,2,3.7,0,1379
11,29,0.03125,0.03125,50,2,3.7,0,1259
11,30,0.03125,0.03125,31000,2519,4.4,0,659
11,30,0.03125,0.03125,914,77,3.8,0,659
11,30,0.03125,0.03125,43145,5224,4.5,0,1257
11,30,0.03125,0.03125,313,30,3.7,0,1259
11,30,0.03125,0.03125,313,30,3.7,0,1259
11,30,0.03125,0.03125,313,30,3.7,0,1239
11,31,0.03125,0.03125,20,9,4,0,749
11,31,0.03125,0.03125,22,9,3.8,0,749
11,32,0.03125,0.03125,23474,1899,4.4,0,749
11,33,0.03125,0.0625,363,28,3.7,0,643
11,34,0.03125,0.03125,329,18,3.8,0,1139
11,35,0.03125,0.03125,3080,393,3.5,0,650
11,36,0.03125,0.03125,2540,338,3.7,0,655
11,37,0.03125,0.0625,5037,544,3.6,0,625
12,38,2,32,431,37,3.9,0,5099
12,39,2,32,46307,4552,4.1,0,5499
12,39,2,32,46077,4530,4.1,2,5499
12,40,3,32,43,1,3.7,3,6799
12,38,2,32,431,37,3.9,3,5099
12,39,2,32,46077,4530,4.1,3,5499
12,41,3,32,1332,77,4.4,3,6999
13,42,0.03125,0.03125,49,9,3.9,0,799
13,43,0.0625,0.0625,8,1,4.1,0,1399
13,44,0.03125,0.03125,2037,175,4,0,1499
13,44,0.03125,0.03125,2036,175,4,0,1499
13,44,0.03125,0.03125,2036,175,4,0,1499
13,44,0.03125,0.03125,2036,175,4,0,1499
13,44,0.03125,0.03125,2037,175,4,0,1499
13,44,0.03125,0.03125,2037,175,4,0,1499
13,44,0.03125,0.03125,2037,175,4,0,1399
14,45,6,128,14893,2907,4.6,0,31999
15,46,0.0625,0.0625,114,13,3.6,0,749
15,47,0.0625,0.0625,6452,1042,4.3,0,709
15,47,0.0625,0.0625,707,58,3.8,0,709
15,48,0.0625,0.0625,2536,301,3.6,0,689
15,48,0.0625,0.0625,2525,300,3.6,0,689
15,49,0.0625,0.0625,36305,2815,4.6,0,689
15,50,0.0625,0.0625,2409,195,3.6,0,689
15,50,0.0625,0.0625,2409,195,3.6,0,689
15,50,0.0625,0.0625,2409,195,3.6,0,689
15,51,0.0625,0.0625,373,30,3.5,0,719
15,51,0.0625,0.0625,373,30,3.5,0,719
15,52,0.0625,0.0625,848,85,3.8,0,849
15,52,0.0625,0.0625,848,85,3.8,0,849
16,53,0.0625,0.0625,119,9,4.1,0,1399
16,53,0.0625,0.0625,119,9,4.1,0,1399
16,53,0.0625,0.0625,119,9,4.1,0,1399
16,53,0.0625,0.0625,119,9,4.1,0,1399
16,53,0.0625,0.0625,119,9,4.1,0,1399
16,53,0.0625,0.0625,119,9,4.1,0,1399
16,53,0.0625,0.0625,119,9,4.1,0,1399
17,54,0.03125,0.03125,31,11,4.3,0,1399
17,54,0.03125,0.03125,31,11,4.3,0,1399
18,55,6,128,2559,393,4.4,0,22999
19,56,4,128,1034,109,4.3,3,16899
20,57,2,16,3169,276,3.3,2,4299
20,58,4,32,615,57,3,2,6699
20,58,4,32,615,57,3,2,6699
20,58,4,64,615,57,3,2,6699
20,59,0.03125,0.0625,1836,194,3.7,0,1049
20,60,0.03125,0.0625,392,38,3.7,0,899
20,61,0.03125,0.0625,2931,257,3.8,0,1049
20,62,0.03125,0.0625,3555,308,3.7,0,749
20,62,0.03125,0.0625,3553,308,3.7,0,749
20,63,0.0625,0.0625,209,24,3.8,0,1249
20,64,0.03125,0.0625,5841,541,3.4,0,719
20,65,32,64,7229,822,3.4,0,609
20,66,0.03125,0.03125,11149,1251,3.7,0,699
20,67,0.03125,0.03125,342,24,3.4,0,1299
20,68,0.03125,0.0625,2134,276,3.6,0,799
20,69,0.03125,0.0625,10956,1094,3.5,0,1499
20,69,0.03125,0.0625,1852,156,3.6,0,1399
20,70,0.0625,0.005859375,599,47,3.7,0,999
20,71,0.03125,0.0625,1894,169,4.7,0,949
20,72,0.0625,0.0625,3,1,3.7,0,1399
20,73,4,32,840,111,2.9,3,7699
20,73,4,64,840,111,2.9,3,7699
20,73,4,64,840,111,2.9,3,7699
20,74,2,16,58,3,3.1,3,5499
20,74,2,16,58,3,3.1,3,5499
20,74,2,64,58,3,3.1,3,5499
20,75,4,16,512,47,2.8,3,7299
20,75,4,64,512,47,2.8,3,7299
20,75,4,64,512,47,2.8,3,7299
21,76,6,128,60103,6233,4.4,0,10999
21,76,4,64,48002,3925,4.4,0,9499
21,77,4,64,20630,2186,4.3,0,10999
21,78,3,32,141830,12271,4.4,0,7999
21,78,3,32,53,5,4.2,0,7999
21,79,2,32,7767,629,4.4,0,7199
21,80,2,32,29352,1899,4.4,0,6499
21,81,8,128,3885,540,4.2,0,15999
21,76,6,128,60103,6233,4.4,2,10999
21,76,4,64,48002,3925,4.4,2,9499
21,77,4,64,914,77,3.8,3,10999
21,82,4,64,29808,2912,4.4,3,12999
21,82,4,64,12764,1149,4.5,3,11499
21,79,2,32,7767,629,4.4,3,7199
21,80,2,32,29352,1899,4.4,3,6499
21,76,6,128,60103,6233,4.4,3,10999
21,76,4,64,48002,3925,4.4,3,9499
21,83,4,64,105501,7736,4.4,3,9499
21,83,4,64,105501,7736,4.4,3,9499
21,84,4,64,18672,1616,4.1,3,10499
21,84,4,64,17040,1232,4.5,3,10499
21,84,4,64,37727,3873,4,3,10499
21,78,3,32,141830,12271,4.4,3,7999
21,78,3,64,53,5,4.2,3,7999
21,78,3,32,141830,12271,4.4,3,7999
21,77,4,64,20630,2186,4.3,4,10999
21,82,4,64,29808,2912,4.4,4,12999
21,82,4,64,12764,1149,4.5,4,11499
21,79,2,32,7767,629,4.4,4,7199
21,80,2,32,29352,1899,4.4,4,6499
21,83,4,64,105501,7736,4.4,6,9499
21,84,4,64,37727,3873,4,6,10499
21,84,4,64,17040,1232,4.5,6,10499
21,82,4,64,29808,2912,4.4,6,12999
21,82,4,64,12764,1149,4.5,6,11499
21,78,3,32,141830,12271,4.4,6,7999
21,78,3,64,53,5,4.2,6,7999
21,79,2,32,7767,629,4.4,7,7199
21,76,6,128,60103,6233,4.4,8,10999
21,76,4,64,48002,3925,4.4,8,9499
21,81,8,128,3885,540,4.2,12,15999
22,85,12,256,2270,379,4.4,0,39990
22,85,8,128,13175,2165,4.5,0,29990
22,85,8,256,13175,2165,4.5,0,32990
22,85,8,128,13175,2165,4.5,12,29990
22,85,8,256,13175,2165,4.5,12,32990
23,86,2,32,155,7,2.9,0,5190
24,87,2,32,195,16,3.9,0,5990
24,88,0.03125,0.03125,198,14,4,0,748
24,88,0.00390625,0.00390625,16943,1273,4.2,0,766
24,88,0.00390625,0.00390625,7974,638,4.3,0,775
24,88,0.00390625,0.00390625,240,17,4.3,0,763
24,89,0.03125,0.03125,3304,311,4,0,880
24,90,0.03125,0.03125,274,14,4,0,840
24,91,0.00390625,0.00390625,396,30,4,0,810
24,91,0.00390625,0.00390625,396,30,4,0,810
24,91,0.00390625,0.00390625,396,30,4,0,805
24,91,0.00390625,0.00390625,396,30,4,0,799
24,92,0.00390625,0.00390625,98,10,4.1,0,949
24,92,0.00390625,0.00390625,98,10,4.1,0,929
24,92,0.00390625,0.00390625,96,10,4.1,0,899
24,93,0.03125,0,7,0,4.4,0,1199
24,93,0.00390625,0.00390625,34,2,3.8,0,1198
24,94,0.0078125,0.0078125,361,43,4.1,0,1314
24,95,0.03125,0.03125,489,48,4.1,0,1125
24,95,0.03125,0.03125,489,48,4.1,0,1117
24,96,0.03125,0.03125,11,2,4.3,0,1299
24,97,0.0078125,0.0078125,113,10,4.1,0,1449
24,97,0.0078125,0.0078125,113,10,4.1,0,1418
24,98,0.00390625,0.00390625,1251,144,4.1,0,1479
24,99,0.00390625,0.00390625,9,0,3.8,0,1190
24,99,0.00390625,0.00390625,9,0,3.8,0,1085
24,100,0.03125,0.03125,2391,239,4.1,0,1248
24,100,0.03125,0.03125,2387,239,4.1,0,1239
24,100,0.03125,0.03125,2391,239,4.1,0,1203
24,100,0.03125,0.03125,2387,239,4.1,0,1202
24,101,0.00390625,0.00390625,32,3,4.2,0,1259
24,101,0.00390625,0.00390625,32,3,4.2,0,1249
24,102,0.03125,0.03125,175,15,4.1,0,898
24,103,2,32,328,33,4,3,4999
24,104,3,32,2160,25898,4.3,3,6549
24,105,2,32,16934,1272,4.2,3,6550
24,105,2,32,9,0,4,3,6698
24,103,2,32,328,33,4,4,4999
24,87,2,32,195,16,3.9,4,5990
24,87,2,32,195,16,3.8,4,5980
24,104,3,32,18455,1613,4.1,4,6549
24,104,2,32,158,15,4.2,4,6598
24,103,2,32,328,33,4,7,4999
25,106,0,4,78,4,4,0,1999
25,107,0,4,29,1,4.4,0,1999
26,108,0.000976563,0.015625,11,1,3.5,0,949
26,109,0.004882813,0.03125,45,2,4,0,949
26,110,0.03125,0.03125,150,18,3.8,0,699
27,111,0.03125,0.03125,208,29,3.8,0,1149
27,112,0.009765625,0.009765625,30,3,3.6,0,827
27,113,0.03125,0.03125,3775,355,3.9,0,799
27,113,0.03125,0.03125,3773,354,3.9,0,865
27,114,0.03125,0.03125,2480,222,3.9,0,894
27,114,0.03125,0.03125,2480,222,3.9,0,874
27,115,0.009765625,0.009765625,1280,193,3.9,0,698
27,115,0.03125,0.03125,2365,316,3.8,0,729
27,115,0.03125,0.03125,2363,315,3.8,0,799
27,115,0.03125,0.03125,2363,315,3.8,0,729
27,116,0.03125,0.03125,1530,182,3.7,0,899
27,117,1,8,5681,519,4.1,0,1248
27,117,1,8,5681,519,4.1,0,1235
27,118,0.03125,0.03125,1192,70,3.8,0,889
27,119,0.0234375,0.03125,61,0,4,0,959
27,120,0.01171875,0.01171875,1197,153,4,0,1375
27,121,0.01171875,0.03125,3518,316,3.9,0,1249
27,121,0.01171875,0.03125,89,3,4.1,0,1071
27,122,0.03125,0.03125,21,2,3.9,0,799
27,122,0.03125,0.03125,21,2,3.9,0,789
27,123,0.03125,0.03125,1008,84,3.9,0,825
27,123,0.03125,0.03125,1008,84,3.9,0,799
27,123,0.03125,0.03125,1008,84,3.9,0,798
27,124,0.03125,0.03125,26,2,4.1,0,885
27,125,0.03125,0.03125,136,14,4.1,0,899
27,125,0.03125,0.03125,136,14,4.1,0,899
27,126,0.03125,0.03125,104,3,4,0,780
27,126,0.03125,0.03125,104,3,4,0,780
27,126,0.03125,0.03125,104,3,4,0,780
27,126,0.03125,0.03125,104,3,4,0,780
27,127,0.03125,0.03125,241,19,4,0,825
27,127,0.03125,0.03125,241,19,4,0,799
27,128,0.01953125,0.01953125,200,14,3.7,0,1019
27,128,0.01953125,0.03125,200,14,3.7,0,1095
27,128,0.03125,0.03125,1383,110,4,0,1149
27,128,0.03125,0.03125,1383,110,4,0,1098
27,129,0.03125,0.03125,1912,189,3.9,0,1120
27,129,0.03125,0.03125,1912,189,3.9,0,1120
27,129,0.03125,0.03125,1912,189,3.9,0,1089
27,130,0.03125,0.03125,176,16,4,0,1049
27,130,0.03125,0.03125,176,16,4,0,1049
27,131,0.03125,0.03125,4580,372,3.9,0,849
27,131,0.03125,0.03125,4580,372,3.9,0,797
27,132,0.03125,0.03125,6452,1042,4.3,0,969
27,132,0.03125,0.03125,225,21,4,0,995
28,133,0.03125,0.03125,225,21,4,0,929
28,133,0.03125,0.03125,115,7,4,0,929
28,133,0.03125,0.03125,115,7,4,0,929
28,134,0.03125,0.03125,6312,532,4.1,0,895
28,134,0.03125,0.03125,6307,531,4.1,0,899
28,134,0.03125,0.03125,6307,531,4.1,0,899
28,134,0.03125,0.03125,6307,531,4.1,0,899
28,135,0.03125,0.03125,2921,262,4.1,0,899
28,135,0.03125,0.03125,2921,262,4.1,0,895
28,135,0.03125,0.03125,2921,262,4.1,0,895
28,135,0.03125,0.03125,2921,262,4.1,0,889
28,135,0.03125,0.03125,2921,262,4.1,0,876
28,136,0.03125,0.03125,20,1,4.1,0,1099
28,136,0.03125,0.03125,20,1,4.1,0,1099
28,136,0.03125,0.03125,20,1,4.1,0,1099
28,136,0.03125,0.03125,20,1,4.1,0,975
28,136,0.03125,0.03125,20,1,4.1,0,975
28,137,0.03125,0.0625,36305,2815,4.6,0,1099
28,137,0.03125,0.0625,2143,229,3.9,0,1099
28,138,0.03125,0.03125,101,9,4,0,1099
28,138,0.03125,0.03125,101,9,4,0,1099
28,139,0.03125,0.03125,8531,617,4,0,847
28,139,0.03125,0.03125,8527,616,4,0,859
28,139,0.03125,0.03125,8527,616,4,0,859
28,139,0.03125,0.03125,8527,616,4,0,847
28,140,0.03125,0.0625,3,0,4.7,0,999
28,141,0.0625,0.0625,53,12,4,0,1799
28,142,0.03125,0.03125,243,14,4,0,999
28,143,0.03125,0.0625,9262,1113,4,0,1297
28,143,0.03125,0.0625,9262,1113,4,0,1280
28,144,0.03125,0.03125,18672,1616,4.1,0,955
28,144,0.03125,0.03125,18672,1616,4.1,0,954
28,144,0.03125,0.03125,18672,1616,4.1,0,949
28,144,0.03125,0.03125,18672,1616,4.1,0,923
28,144,0.03125,0.03125,18672,1616,4.1,0,923
28,144,0.03125,0.03125,18672,1616,4.1,0,923
28,144,0.03125,0.03125,18672,1616,4.1,0,920
28,144,0.03125,0.03125,18672,1616,4.1,0,908
28,144,0.03125,0.03125,18672,1616,4.1,0,904
28,144,0.03125,0.03125,1327,111,4.4,0,889
28,145,0.03125,0.03125,183,32,4.1,0,1699
28,146,0.03125,0.03125,313,33,3.8,0,900
28,147,0.03125,0.03125,53,4,4,0,1049
28,147,0.03125,0.03125,53,4,4,0,1049
28,148,0.03125,0.0625,1417,129,4.1,0,1125
28,148,0.03125,0.0625,1417,129,4.1,0,1089
28,148,0.03125,0.0625,1417,129,4.1,0,1080
28,148,0.03125,0.0625,61,5,4.1,0,1089
28,149,0.03125,0.03125,388,20,4,0,1049
28,149,0.03125,0.03125,391,20,4,0,1049
28,149,0.03125,0.03125,391,20,4,0,999
28,150,0.03125,0.03125,4311,339,4.1,0,999
28,150,0.03125,0.03125,4311,339,4.1,0,969
28,150,0.03125,0.03125,4311,339,4.1,0,969
28,150,0.03125,0.03125,4311,339,4.1,0,969
28,150,0.03125,0.03125,4311,339,4.1,0,958
28,150,0.03125,0.03125,4305,339,4.1,0,954
28,150,0.03125,0.03125,4305,339,4.1,0,945
28,150,0.03125,0.03125,4305,339,4.1,0,945
28,150,0.03125,0.03125,4305,339,4.1,0,940
28,151,0.03125,0.03125,3518,316,3.9,0,1389
28,152,0.5,0.03125,8066,746,4,0,1199
28,152,0.5,0.03125,8069,746,4,0,946
28,152,0.5,0.03125,8066,746,4,0,946
28,152,0.5,0.03125,8069,746,4,0,920
28,152,0.5,0.03125,8066,746,4,0,920
28,152,0.5,0.03125,8069,746,4,0,899
28,58,0.03125,0.0625,487,43,3.9,0,857
28,58,0.048828125,0.048828125,1222,131,3.9,0,870
28,153,0.03125,0.03125,1089,107,4,0,1499
28,153,0.03125,0.03125,1089,107,4,0,1490
28,154,0.03125,0.03125,19430,1646,4,0,1199
28,154,0.03125,0.0625,1417,129,4.1,0,1199
28,117,0.03125,0.0625,1381,147,4.1,0,1140
28,117,0.03125,0.0625,1381,147,4.1,0,1099
28,117,0.03125,0.0625,579,56,4,0,1120
28,155,0.0625,0.0625,806,99,4,0,1120
29,156,0.03125,0.03125,94,4,3.6,0,657
29,157,0.03125,0.03125,20,2,3.7,0,799
29,158,0.03125,0.03125,37,3,4.1,0,799
29,159,0.03125,0.03125,22,3,3.6,0,925
30,160,32,32,361,34,4.1,0,1699
30,161,0.0234375,0.03125,60,11,4.2,0,1458
30,29,0.0234375,0.0234375,90264,10050,4.2,0,1077
30,29,0.0234375,0.0234375,90286,10050,4.2,0,931
30,29,0.0234375,0.0234375,90286,10050,4.2,0,931
30,29,0.0234375,0.0234375,14480,1414,4.2,0,931
30,29,0.0234375,0.0234375,8176,544,4.3,0,931
30,29,0.00390625,0.0234375,90286,10050,4.2,0,931
30,29,0.00390625,0.0234375,14480,1414,4.2,0,931
30,29,0.00390625,0.0234375,14480,1414,4.2,0,931
30,29,0.00390625,0.0234375,14480,1414,4.2,0,931
30,29,0.00390625,0.0234375,14480,1414,4.2,0,931
30,29,0.00390625,0.0234375,14477,1413,4.2,0,1039
30,29,0.00390625,0.0234375,187,13,4.3,0,931
30,162,0.00390625,0,18435,1943,4.2,0,897
30,162,0.00390625,0,18435,1943,4.2,0,897
30,163,0.00390625,0.002929688,1161,87,4.1,0,1039
30,164,0.03125,0.0234375,1933,232,4.2,0,1277
30,164,0.03125,0.0234375,1933,232,4.2,0,1249
30,164,0.03125,0.0234375,1931,232,4.2,0,1151
30,165,0.00390625,0.002929688,17984,2185,4.2,0,1073
30,165,0.00390625,0.002929688,17984,2185,4.2,0,1073
30,166,0.03125,0.0234375,5160,518,4.1,0,1296
30,166,0.03125,0.0234375,5160,518,4.1,0,1206
30,166,0.03125,0.0234375,5160,518,4.1,0,1206
30,166,0.03125,0.0234375,5160,518,4.1,0,1206
30,166,0.03125,0.0234375,5151,518,4.1,0,1206
30,167,0.0234375,0.03125,579,56,4,0,1391
30,167,0.0234375,0.03125,89,9,3.7,0,1391
30,168,0.0234375,0.03125,2139,231,4.1,0,1589
30,168,0.0234375,0.03125,2136,230,4.1,0,1519
30,168,0.0234375,0.03125,2136,230,4.1,0,1519
30,168,0.0234375,0.03125,2136,230,4.1,0,1519
30,169,0.03125,0.03125,275,26,3.7,0,1799
30,170,0.03125,0.03125,2046,253,4.2,0,1683
30,170,0.03125,0.03125,2046,253,4.2,0,1683
30,170,0.0546875,0.0546875,25,2,4.6,0,1879
30,171,0.03125,0.03125,1665,172,4.2,0,1499
30,171,0.5,0.5,15164,1761,4.2,0,1577
30,172,0.03125,0.03125,919,105,4.2,0,1499
30,173,0.0234375,0.0234375,1303,111,3.9,0,738
30,173,0.0234375,0.0234375,1303,111,3.9,0,711
30,174,0.00390625,0.002929688,790,70,4.2,0,859
30,174,0.00390625,0.002929688,790,70,4.2,0,783
30,175,0.00390625,0.002929688,19430,1646,4,0,790
30,176,0.03125,0.03125,1228,178,4.1,0,1449
30,177,0.03125,0.03125,61,6,4,0,1595
30,178,3,32,3639,539,4,2,7227
30,179,2,16,292,42,4.1,3,5277
30,178,3,32,3630,538,4,3,7227
30,179,2,16,2929,359,4,11,5277
30,179,2,16,2925,358,4,11,5277
31,180,3,64,1461,275,3.7,4,10990
32,181,0.03125,0.03125,2555,353,3.9,0,969
33,182,8,128,255,21,4.4,0,25210
33,30,6,128,3064,280,4.1,2,13999
33,182,6,128,649,52,4.4,3,22651
33,182,8,128,253,21,4.4,5,26989
34,183,0.03125,0.03125,7,0,4.6,0,799
34,183,0.03125,0.03125,7,0,4.6,0,796
34,184,0.001953125,0.03125,1937,217,3.8,0,849
34,184,0.001953125,0.03125,1691,214,3.8,0,989
34,184,0.001953125,0.03125,1186,139,3.9,0,999
34,184,0.001953125,0.03125,1185,139,3.9,0,999
34,185,0.03125,0.03125,5399,454,4,0,822
34,185,0.03125,0.03125,5399,454,4,0,814
34,186,0.03125,0.03125,10408,1190,3.9,0,1050
34,187,0.03125,0.03125,940,79,4,0,893
34,187,0.03125,0.03125,940,79,4,0,893
34,187,0.03125,0.03125,939,79,4,0,848
34,188,0.03125,0.03125,178,12,4,0,857
34,189,0.03125,0.03125,1332,77,4.4,0,949
34,189,0.03125,0.03125,112,11,3.8,0,1060
34,190,0.03125,0.03125,8000,698,3.9,0,845
34,190,0.03125,0.03125,8000,698,3.9,0,738
34,191,0.03125,0.03125,374,32,4.1,0,999
34,192,0.03125,0.03125,1378,122,4,0,945
34,193,0.0546875,0.0234375,5924,564,3.9,0,945
34,193,0.0546875,0.0234375,1030,82,3.7,0,921
34,194,0.03125,0.03125,90286,10050,4.2,0,1229
34,194,0.03125,0.03125,77597,6641,4.6,0,1195
34,194,0.03125,0.03125,37727,3873,4,0,1289
34,195,0.03125,0.03125,8820,930,3.9,0,1179
34,195,0.03125,0.03125,8802,929,3.9,0,1429
34,195,0.03125,0.03125,8802,929,3.9,0,1179
34,196,0.03125,0.03125,11356,1338,4,0,1399
34,196,0.03125,0.03125,11356,1338,4,0,1345
34,196,0.03125,0.03125,11349,1334,4,0,1325
34,197,0.03125,0.03125,1309,149,4.1,0,1339
34,198,0.03125,0.03125,2398,299,4.1,0,1225
34,198,0.03125,0.03125,2398,299,4.1,0,1210
34,199,0.03125,0.03125,1414,168,4.1,0,1299
34,200,0.03125,0.03125,73,13,4.3,0,1290
34,201,0.03125,0.03125,6,0,4,0,1350
34,202,0.03125,0.03125,3148,346,3.9,0,1599
34,203,0.03125,0.03125,5762,454,4,0,1475
34,204,0.03125,0.03125,1743,145,3.9,0,1180
34,205,0.03125,0.03125,185488,13248,4.4,0,1484
34,205,0.03125,0.03125,7573,589,4.1,0,1464
34,205,0.03125,0.03125,984,111,4.1,0,1485
35,206,6,128,10097,1163,4.2,12,20999
36,207,4,64,993,139,4.2,0,10999
36,208,2,32,109,10,4.2,2,7499
36,208,4,64,8096,828,4.1,2,8299
36,209,4,64,38308,3503,4.2,3,9999
36,208,2,32,109,10,4.2,3,7499
36,208,4,64,8096,828,4.1,3,8299
36,210,4,64,888,112,4.3,3,9999
36,211,4,64,27992,2199,4.4,3,9499
36,211,4,64,27992,2199,4.4,3,9499
36,211,4,64,27992,2199,4.4,3,9499
36,212,4,64,41764,4419,4.2,3,10999
36,207,4,64,993,139,4.2,3,10999
36,213,4,64,19949,2079,4.1,6,11999
36,210,4,64,888,112,4.3,8,9999
37,214,0.0625,0.0625,3965,294,4.1,0,1199
37,214,0.0625,0.0625,3965,294,4.1,0,1199
37,214,0.0625,0.0625,3965,294,4.1,0,1199
38,215,0.03125,0.03125,57,4,3.5,0,935
38,216,0.03125,0.03125,227,36,3.9,0,1099
38,216,0.03125,0.03125,227,36,3.9,0,1099
39,217,0.0625,0.0625,115,7,4,0,1199
39,218,0.03125,0.03125,60,7,4.1,0,899
40,219,0.00390625,0.00390625,16484,1725,4.2,0,1299
40,220,0.00390625,0.00390625,11518,917,4.2,0,1322
40,220,0.00390625,0.00390625,11518,917,4.2,0,1295
40,220,0.00390625,0.00390625,11513,915,4.2,0,1322
40,221,4,64,75730,7229,4.3,0,1299
40,222,0.00390625,0.00390625,50627,4034,4.3,0,1145
40,222,0.00390625,0.00390625,50627,4034,4.3,0,1145
40,222,0.00390625,0.00390625,50627,4034,4.3,0,1135
40,223,0.00390625,0.00390625,8374,667,4,0,1570
40,223,0.00390625,0.00390625,8356,666,4,0,1615
40,224,0.00390625,0.00390625,2925,358,4,0,1999
40,224,0.00390625,0.00390625,2784,194,4,0,1999
40,225,0.00390625,0.00390625,7555,588,4.1,0,2289
40,225,0.00390625,0.00390625,187,13,4.3,0,2260
40,226,0,4,42566,4718,4.2,0,2899
40,226,0,4,42575,4718,4.2,0,2779
40,227,0.0078125,0.03125,6587,511,4,0,3499
40,228,1,0.015625,29811,3243,3.8,0,3589
40,228,1,0.015625,29811,3243,3.8,0,3510
40,229,0.0078125,0.015625,5282,347,4.2,0,3317
40,229,0.0078125,0.015625,5282,347,4.2,0,3289
40,230,0.00390625,0.00390625,38243,3228,4.3,0,1150
40,231,0.00390625,0.00390625,44916,4585,4.2,0,1339
40,232,3,64,442,46,4.1,3,10399
40,233,4,64,44,5,4.1,4,11999
40,232,3,64,442,46,4.1,7,10399
40,233,4,64,44,5,4.1,9,11999
41,234,3,32,26710,1978,4.3,0,8990
41,234,3,32,10388,761,4.3,0,9990
41,234,4,64,11971,605,4.4,0,11490
41,234,4,64,666,32,4.4,0,11490
41,235,2,32,74,6,4,0,7687
41,235,3,32,204,10,4.3,0,8990
41,236,4,64,107,4,4.4,0,10990
41,237,4,32,9454,665,4.3,0,12490
41,238,3,32,1835,129,4.2,0,10990
41,239,3,64,2885,230,4.4,0,12799
41,240,4,128,44231,3109,4.4,0,14990
41,240,6,128,3704,288,4.3,0,16499
41,240,8,128,120,11,4.3,0,18990
41,241,6,128,3971,282,4.3,0,15490
41,241,4,64,19106,1188,4.4,0,12990
41,242,2,32,32370,2424,4.3,0,8990
41,242,4,32,5365,394,4.3,0,10990
41,242,4,64,37929,2415,4.4,0,11980
41,243,4,128,38035,3230,4.4,0,15990
41,244,8,128,7382,561,4.4,0,21490
41,245,8,128,202,10,4.4,0,21490
41,237,6,128,20999,1329,4.3,1,13387
41,237,4,64,18532,1285,4.3,1,11848
41,237,4,64,9454,665,4.3,1,12490
41,240,4,128,44231,3109,4.4,1,13690
41,240,8,128,120,11,4.3,1,18888
41,241,6,128,3981,282,4.3,1,15490
41,243,4,128,38035,3230,4.4,1,15990
41,243,8,64,10277,936,4.4,1,18990
41,244,8,128,7382,561,4.4,1,21490
41,246,6,256,73999,6737,4.4,1,17990
41,247,2,32,13059,842,4.3,2,7990
41,248,2,32,5033,396,4.2,3,8490
41,234,3,32,26710,1978,4.3,3,8990
41,234,3,64,10388,761,4.3,3,9990
41,234,4,64,11972,605,4.4,3,11490
41,234,4,64,666,32,4.4,3,11490
41,234,3,32,26710,1978,4.3,3,8990
41,234,4,64,11971,605,4.4,3,11990
41,235,2,32,74,6,4,3,9438
41,235,3,32,204,10,4.3,3,9443
41,241,4,64,342,33,3.8,3,12990
41,242,2,32,5815,438,4.3,3,8990
41,242,3,32,4478,352,4.4,3,10590
41,242,4,64,37929,2415,4.4,3,11450
41,243,4,128,38035,3230,4.4,3,15990
41,243,8,128,10277,936,4.4,3,18990
41,249,6,128,4491,356,4.2,3,16990
41,249,8,128,685,51,4.3,3,17383
41,244,8,128,7382,561,4.4,3,21490
41,237,6,128,21011,1330,4.3,4,14990
41,237,4,64,18526,1285,4.3,4,11988
41,242,4,32,5365,394,4.3,4,10990
41,250,4,128,31725,2948,4.3,4,13990
41,250,8,128,57966,5155,4.3,4,15990
41,250,8,64,11436,977,4.3,4,15990
41,246,6,256,74000,6737,4.4,4,17990
41,246,6,256,73999,6737,4.4,4,17990
41,249,8,128,685,51,4.3,5,18479
41,250,4,64,31725,2948,4.3,7,13990
41,250,8,64,11436,977,4.3,7,15990
41,238,3,32,240,17,4.3,9,10990
41,242,4,64,5365,394,4.3,11,10990
41,248,2,32,5034,396,4.2,12,8490
41,234,3,32,26710,1978,4.3,12,8990
41,234,4,64,20630,2186,4.3,12,11990
41,235,2,32,74,6,4,12,9449
41,235,3,32,204,10,4.3,12,9965
41,236,4,128,107,4,4.4,12,12490
41,236,4,64,107,4,4.4,12,11490
41,249,6,128,4491,356,4.2,12,16990
41,245,8,128,202,10,4.4,12,21490
41,251,8,128,31000,2519,4.4,12,25890
42,252,2,16,8353,867,3.7,0,5001
42,253,2,16,5824,592,3.7,0,5005
42,254,3,32,1898,225,3.9,0,6999
43,255,0.03125,0.03125,49,11,3.8,0,1093
43,255,0.03125,0.03125,49,11,3.8,0,1093
44,256,3,32,187773,13231,4.3,0,7499
44,256,4,64,131468,8150,4.3,0,8499
44,257,6,128,337781,25670,4.3,0,10999
44,257,6,64,337780,25670,4.3,0,9999
44,258,6,128,244292,24651,4.4,0,15999
44,258,4,64,175237,17893,4.4,0,12999
44,258,6,64,244292,24651,4.4,0,13999
44,259,6,128,58291,4767,4.3,0,11999
44,259,6,64,57727,4707,4.3,0,10999
44,257,6,128,337780,25670,4.3,2,10999
44,257,6,64,337780,25670,4.3,2,9999
44,260,6,128,255284,27873,4.5,2,15999
44,260,6,128,255202,27867,4.5,2,15999
44,260,6,64,255284,27873,4.5,2,14999
44,256,3,32,187773,13231,4.3,3,7499
44,256,4,64,131468,8150,4.3,3,8499
44,257,6,64,337780,25670,4.3,3,9999
44,258,4,64,174977,17866,4.4,3,12999
44,258,6,64,244292,24651,4.4,3,13999
44,259,6,128,58291,4767,4.3,3,11999
44,259,6,64,58291,4767,4.3,3,10999
44,260,6,64,133486,14732,4.5,3,18499
44,260,8,64,42062,4824,4.5,3,21499
44,260,6,64,255202,27867,4.5,3,14999
44,260,6,64,133486,14732,4.5,3,17499
44,261,6,128,136297,13720,4.4,3,17999
44,261,8,128,22209,2176,4.3,3,19999
44,261,6,64,136298,13720,4.4,3,16999
44,256,3,32,187774,13231,4.3,4,7499
44,256,4,64,131468,8150,4.3,4,8499
44,258,6,128,244292,24651,4.4,4,15999
44,258,4,64,175236,17893,4.4,4,12999
44,258,6,64,244292,24651,4.4,4,13999
44,260,6,128,255284,27873,4.5,7,15999
44,260,6,128,143,15,3.5,7,15999
44,260,6,64,133486,14732,4.5,7,18499
44,260,6,64,255284,27873,4.5,7,14999
44,260,6,64,133486,14732,4.5,7,17499
44,261,6,128,135918,13678,4.4,8,17999
44,261,8,128,22209,2176,4.3,8,19999
44,259,6,128,58291,4767,4.3,10,11999
44,259,6,64,57727,4707,4.3,10,10999
45,85,3,32,451638,44037,4.5,0,8499
45,85,4,64,171675,16639,4.4,0,10499
45,85,3,64,451638,44037,4.5,0,9499
45,85,4,64,171675,16639,4.4,0,10499
45,262,3,32,296035,26267,4.4,0,8499
45,263,4,64,58780,6265,4.4,0,12999
45,263,6,64,80238,7369,4.4,0,13999
45,264,2,32,805006,66292,4.4,0,6999
45,264,3,32,133935,10009,4.4,0,7499
45,265,8,128,42550,3535,4.3,0,16999
45,265,6,64,79015,6272,4.3,0,14999
45,266,8,128,1784,191,4.3,0,19999
45,266,6,64,4725,376,4.5,0,16999
45,267,3,32,5384,261,4.6,0,8999
45,267,4,64,8243,468,4.5,0,9999
45,268,6,64,114628,11102,4.5,1,14999
45,269,6,64,30620,3002,4.4,1,16999
45,269,8,128,23466,2363,4.4,1,17999
45,269,4,64,59665,6337,4.4,1,14999
45,269,6,64,173283,16307,4.4,1,14999
45,269,6,64,30619,3002,4.4,1,15999
45,263,4,64,58780,6265,4.4,1,12999
45,263,6,64,80238,7369,4.4,1,13999
45,270,8,128,66083,6629,4.3,1,16999
45,270,6,64,218312,21683,4.3,1,14999
45,271,4,32,74661,5759,4.5,1,11999
45,272,3,32,42968,2926,4.6,1,8999
45,272,4,32,17313,1129,4.6,1,9999
45,265,8,128,42550,3535,4.3,1,16999
45,265,6,64,79015,6272,4.3,1,14999
45,273,8,128,43145,5224,4.5,1,21999
45,260,6,128,22282,2558,4.5,1,19999
45,261,6,128,2502,318,4.4,1,24999
45,274,8,128,6892,770,4.4,1,27999
45,274,12,256,2004,252,4.3,1,32999
45,273,8,128,1381,147,4.1,1,20999
45,85,3,32,451638,44037,4.5,2,8499
45,85,4,64,171675,16639,4.4,2,9499
45,262,3,32,296035,26267,4.4,2,8499
45,262,4,64,77562,6570,4.4,2,10499
45,256,3,32,134812,10263,4.4,2,8999
45,256,3,32,67430,5102,4.5,2,8999
45,256,4,64,11972,605,4.4,2,9999
45,264,3,32,133935,10009,4.4,2,7499
45,85,3,32,451638,44037,4.5,3,8499
45,85,3,64,451638,44037,4.5,3,9499
45,262,3,32,296008,26266,4.4,3,8499
45,262,4,64,77562,6570,4.4,3,10499
45,268,8,128,79579,7821,4.5,3,16999
45,268,6,64,114628,11102,4.5,3,14999
45,268,6,64,114628,11102,4.5,3,14999
45,275,4,64,243106,16497,4.5,3,10999
45,269,6,128,30622,3002,4.4,3,16999
45,269,4,64,83671,8876,4.4,3,13999
45,269,4,64,59665,6337,4.4,3,14999
45,269,6,64,30619,3002,4.4,3,15999
45,276,6,128,27363,2887,4.5,3,18999
45,276,8,128,29804,3507,4.4,3,19999
45,276,8,128,29804,3507,4.4,3,19999
45,276,6,16,27363,2887,4.5,3,17999
45,270,8,128,65910,6614,4.3,3,16999
45,270,6,64,218078,21657,4.3,3,14999
45,277,6,128,71484,7395,4.4,3,19999
45,277,8,128,29091,2835,4.4,3,21999
45,278,4,128,244595,18016,4.3,3,12999
45,278,4,64,244595,18016,4.3,3,11999
45,279,3,32,237127,14622,4.4,3,8999
45,279,4,64,6472,342,4.4,3,9999
45,280,3,32,41681,3092,4.3,3,9999
45,280,4,64,104902,6473,4.4,3,10999
45,281,3,32,2206,134,4.3,3,9999
45,281,4,64,44802,2513,4.4,3,10999
45,264,2,32,805006,66292,4.4,3,6999
45,264,3,32,133935,10009,4.4,3,7499
45,256,3,32,134812,10263,4.4,3,8999
45,256,3,32,67430,5102,4.5,3,8999
45,256,4,64,185488,13248,4.4,3,9999
45,256,4,64,117862,8088,4.5,3,9999
45,271,4,128,74661,5759,4.5,3,11999
45,272,3,64,42968,2926,4.6,3,8999
45,272,4,64,17313,1129,4.6,3,9999
45,282,4,128,361701,28306,4.3,3,11499
45,282,4,64,361701,28306,4.3,3,10499
45,283,3,32,68321,5311,4.3,3,8499
45,283,4,64,168591,10519,4.4,3,9499
45,267,3,32,5384,261,4.6,3,8999
45,267,4,64,8453,479,4.5,3,9999
45,273,4,128,106325,13649,4.5,3,17999
45,273,8,128,43145,5224,4.5,3,20999
45,273,8,128,43139,5224,4.5,3,20999
45,260,8,128,44921,5192,4.5,3,20999
45,274,8,128,6892,770,4.4,3,27999
45,274,12,256,2004,252,4.3,3,32999
45,274,8,256,6892,770,4.4,3,29999
45,264,3,32,133935,10009,4.4,3,7499
45,284,6,128,13219,1342,4.4,3,19999
45,275,4,64,243106,16497,4.5,4,10999
45,278,4,128,244595,18016,4.3,4,12999
45,278,4,64,244595,18016,4.3,4,11999
45,285,2,128,17476,1209,4.6,4,7499
45,285,2,32,408675,27255,4.4,4,7499
45,271,4,128,74661,5759,4.5,4,11999
45,260,6,128,22282,2558,4.5,4,19999
45,260,8,128,44921,5192,4.5,4,20999
45,276,6,128,27365,2887,4.5,5,18999
45,276,6,64,27363,2887,4.5,5,18999
45,276,8,128,14361,1671,4.4,5,19999
45,276,6,64,58242,6362,4.4,5,17999
45,276,6,64,27363,2887,4.5,5,17999
45,273,8,128,43139,5224,4.5,7,20999
45,285,2,32,408675,27255,4.4,8,7499
45,285,2,32,17476,1209,4.6,8,7499
45,277,8,128,984,111,4.1,10,21999
45,277,6,128,71484,7395,4.4,12,19999
45,277,8,128,29091,2835,4.4,12,21999
45,279,3,32,237127,14622,4.4,12,8999
45,279,4,64,6472,342,4.4,12,9999
45,280,3,32,41681,3092,4.3,12,9999
45,280,4,64,104902,6473,4.4,12,10999
45,281,3,32,2206,134,4.3,12,9999
45,281,4,64,44802,2513,4.4,12,10999
45,282,4,128,361701,28306,4.3,12,11499
45,282,4,64,361701,28306,4.3,12,10499
45,283,3,32,68209,5300,4.3,12,8499
45,283,4,64,168591,10519,4.4,12,9499
45,266,8,128,1784,191,4.3,12,19999
45,266,6,64,4725,376,4.5,12,16999
45,284,6,128,13219,1342,4.4,12,19999
45,284,8,128,2403,197,4.4,12,21999
46,286,2,16,53920,3724,4.3,0,7399
46,287,4,64,674638,50064,4.4,0,9999
46,288,3,32,134978,10567,4.3,0,7499
46,289,4,64,240,17,4.3,0,9117
46,290,4,128,3873,307,4.3,0,12299
46,290,6,128,155,12,4.1,0,12999
46,290,4,64,3767,298,4.3,0,10999
46,291,4,128,71238,4812,4.4,0,11789
46,291,4,64,71603,4834,4.4,0,9499
46,292,2,32,80653,7133,4.4,0,7300
46,293,4,128,6344,352,4.3,0,9299
46,293,4,64,224444,12758,4.3,0,7999
46,294,1,8,165953,13261,4.3,0,4499
46,295,6,128,1835,129,4.2,0,15925
46,296,6,128,80619,6974,4.4,0,17999
46,296,6,128,55815,4614,4.4,0,16999
46,296,8,128,11931,1041,4.4,0,19999
46,296,8,128,7137,621,4.4,0,18999
46,297,4,128,18211,1299,4.4,0,14351
46,297,4,128,18211,1299,4.4,0,14338
46,297,6,128,18211,1299,5,0,14999
46,297,4,64,18211,1299,4.4,0,13190
46,298,6,128,23474,1899,4.4,0,19799
46,298,6,64,23474,1899,4.4,0,14999
46,299,2,64,1246,81,4.2,1,8249
46,299,3,32,12901,866,4.2,1,8999
46,287,4,64,49504,3632,4.4,1,12988
46,296,6,64,55815,4614,4.4,1,16999
46,289,4,128,17436,1305,4.3,1,13318
46,289,4,128,17436,1305,4.3,1,13318
46,289,4,64,17436,1305,4.3,1,11599
46,289,4,64,17411,1304,4.3,1,11620
46,297,4,128,18180,1294,4.4,1,14598
46,297,4,64,18211,1299,4.4,1,13410
46,298,6,128,67623,8034,4.3,1,18499
46,298,6,64,23336,1884,4.4,1,16990
46,300,3,32,605616,65287,4.4,2,6999
46,286,2,16,53920,3724,4.3,2,6999
46,287,4,32,674638,50064,4.4,2,9999
46,288,3,32,134962,10567,4.3,2,7499
46,299,2,32,43208,3267,4.3,2,8499
46,299,3,32,12896,866,4.2,2,8090
46,299,3,32,974,71,4.3,2,7790
46,299,2,64,1246,81,4.2,2,8320
46,299,3,64,12901,866,4.2,2,8699
46,299,3,64,974,71,4.3,2,9750
46,289,4,64,9937,609,4.2,2,9142
46,290,4,128,3872,307,4.3,2,12378
46,290,4,128,3872,307,4.3,2,11999
46,290,6,128,187,13,4.3,2,13439
46,290,4,64,3767,298,4.3,2,10999
46,290,4,128,3872,307,4.3,2,11999
46,290,6,128,3870,302,4,2,12999
46,290,4,64,3872,307,4.3,2,10999
46,290,4,64,3873,307,4.3,2,10999
46,291,4,128,71238,4812,4.4,2,10999
46,291,4,64,71238,4812,4.4,2,9499
46,291,4,64,71238,4812,4.4,2,9499
46,291,4,128,71603,4834,4.4,2,11849
46,291,4,64,71238,4812,4.4,2,9499
46,292,2,32,6344,352,4.3,2,7451
46,292,3,32,3725,227,4.3,2,7818
46,292,3,32,3725,227,4.3,2,7990
46,292,3,32,3715,227,4.3,2,7990
46,292,2,32,6344,352,4.3,2,7419
46,293,4,128,223992,12730,4.3,2,9299
46,293,4,64,224444,12758,4.3,2,7999
46,293,4,128,224446,12759,4.3,2,10999
46,293,4,64,224444,12758,4.3,2,7999
46,295,6,128,36457,2831,4.6,2,16796
46,295,6,128,9937,609,4.2,2,16499
46,301,6,128,158590,15565,4.5,2,21900
46,301,6,128,5924,564,3.9,2,21900
46,301,6,128,2143,229,3.9,2,21900
46,287,4,64,49504,3632,4.4,2,12739
46,287,4,64,49486,3632,4.4,2,12644
46,296,6,64,55815,4614,4.4,2,16999
46,289,4,128,17411,1304,4.3,2,13211
46,289,4,64,17436,1305,4.3,2,11349
46,289,4,64,17436,1305,4.3,2,11349
46,289,4,128,17436,1305,4.3,2,13139
46,289,4,128,17436,1305,4.3,2,13139
46,289,4,64,17436,1305,4.3,2,11697
46,289,4,128,17411,1304,4.3,2,14350
46,289,6,128,2710,183,4.3,2,16499
46,289,6,128,2710,183,4.3,2,16499
46,297,4,128,18211,1299,4.4,2,14799
46,297,4,128,18180,1294,4.4,2,14799
46,297,6,128,18211,1299,4,2,14999
46,297,4,64,18211,1299,4.4,2,13970
46,297,4,128,18211,1299,4.4,2,15999
46,298,6,64,23474,1899,4.4,2,16890
46,298,6,128,23336,1884,4.4,2,18345
46,298,6,64,23474,1899,4.4,2,14999
47,302,0.25,0.03125,39,7,3.4,0,799
48,303,0.03125,0.03125,342,33,3.8,0,599
48,303,0.03125,0.03125,115,230,3.9,0,599
48,304,0.03125,0.03125,26,2,3.8,0,924
48,304,0.03125,0.03125,26,2,3.8,0,924
49,305,3,32,2222,178,4.3,0,10899
49,306,4,128,363,31,4.2,0,13999
49,306,4,64,358,31,4.2,0,12999
49,307,6,128,6204,577,4.2,0,17499
49,307,4,64,16057,1546,4.2,0,13999
49,307,6,64,6204,577,4.2,0,14999
49,308,6,128,8219,782,4.3,0,17999
49,309,6,128,32,3,4.6,0,21999
49,310,6,128,8719,1039,4.3,0,20999
49,310,8,128,3071,293,4.3,0,22499
49,311,6,128,240883,28860,4.3,0,16499
49,311,6,64,240883,28860,4.3,0,15999
49,312,3,32,80653,7133,4.4,0,7816
49,313,2,32,115,11,4.2,0,7446
49,314,3,32,9838,824,4.2,0,10675
49,315,6,128,1268,92,4.2,0,15499
49,316,6,128,7974,638,4.3,0,18888
49,317,8,128,277,23,4.3,0,25450
49,318,0.149414063,0.149414063,151745,13705,4.3,0,1364
49,318,0.149414063,0.149414063,151745,13705,4.3,0,1323
49,318,0.149414063,0.149414063,151745,13705,4.3,0,1150
49,319,0.00390625,0.125,21692,2009,4.2,0,1573
49,319,0.00390625,0.125,21692,2009,4.2,0,1569
49,319,0.00390625,0.125,21692,2009,4.2,0,1567
49,319,0.00390625,0.125,21684,2008,4.2,0,1573
49,320,0.00390625,0.125,54274,5604,4.3,0,1449
49,320,0.00390625,0.125,54274,5604,4.3,0,1449
49,320,0.00390625,0.125,1384,91,4.4,0,1449
49,321,0.149414063,0.149414063,3095,263,4.1,0,1349
49,322,8,0,166530,16289,4.3,0,1888
49,322,8,0,166530,16289,4.3,0,1710
49,322,8,0,166530,16289,4.3,0,1710
49,322,8,0,166490,16285,4.3,0,1887
49,323,8,0,5588,437,4.2,0,1860
49,324,1,16,5569,457,4,0,5087
49,324,2,32,5598,498,3.9,0,6067
49,325,3,32,89,3,4.1,0,9265
49,325,3,32,86,2,4.1,0,9265
49,325,4,64,156,12,4.1,0,10313
49,326,6,128,482,42,4.4,0,16880
49,327,0.00390625,0.002929688,1720,158,4.2,0,2340
49,327,0.00390625,0.002929688,1720,158,4.2,0,2340
49,328,0.009765625,0.001953125,11148,1028,4.3,0,2295
49,328,0.009765625,0.001953125,11148,1028,4.3,0,2295
49,328,0.015625,0.001953125,12157,1258,4.2,0,2315
49,328,0.00390625,0.002929688,20153,2182,4.3,0,2266
49,306,4,128,358,31,4.2,1,13999
49,306,4,64,358,31,4.2,1,12999
49,306,4,64,363,31,4.2,1,12999
49,307,4,64,16057,1546,4.2,1,13999
49,308,6,128,8206,782,4.3,1,17999
49,313,2,32,33,3,3.8,2,7563
49,324,1,16,5569,457,4,2,5246
49,324,2,32,5584,496,3.9,2,6137
49,325,3,32,255284,27873,4.5,2,9710
49,325,4,64,156,12,4.1,2,10849
49,306,4,128,363,31,4.2,3,13999
49,306,4,64,363,31,4.2,3,12999
49,307,6,128,6204,577,4.2,3,17499
49,307,4,64,16090,1549,4.2,3,13999
49,310,6,128,8708,1039,4.3,3,20999
49,310,8,128,3073,294,4.3,3,22499
49,329,8,128,5811,724,4.4,3,27999
49,329,8,128,5808,724,4.4,3,27999
49,311,6,128,240883,28860,4.3,3,16499
49,311,6,64,9,0,4,3,15999
49,330,6,128,6352,1031,4.3,3,23999
49,330,8,128,3224,524,4.3,3,25999
49,312,3,32,61,5,4.1,3,7931
49,331,3,32,469,24,4.2,3,9319
49,313,2,32,118,11,4.2,3,7411
49,314,4,64,6291,511,4.2,3,11195
49,315,4,64,5941,455,4.3,3,14459
49,316,8,128,662,42,4.3,3,21490
49,316,8,128,661,42,4.3,3,19398
49,316,6,64,80653,7133,4.4,3,15460
49,332,6,128,1150,77,4.2,3,16999
49,324,1,16,5569,457,4,3,5258
49,324,2,32,1544,21444,5,3,6199
49,325,3,32,89,3,4.1,3,9323
49,325,4,64,18455,1613,4.1,3,10339
49,333,8,128,144,8,4.2,3,21630
49,317,6,128,771,58,4.3,3,22899
49,311,6,128,240883,28860,4.3,4,16499
49,311,6,64,240883,28860,4.3,4,15999
49,330,6,128,279,14,4.3,4,23999
49,314,4,64,6291,511,4.2,6,10995
49,330,6,128,513,35,4.2,8,23999
49,330,8,128,3224,524,4.3,8,25999
49,334,3,32,1501,20876,3.6,8,9699
49,313,3,32,105,13,4,8,8184
49,307,6,128,6204,577,4.2,12,17499
49,310,6,128,8719,1039,4.3,12,20999
49,310,8,128,3073,294,4.3,12,22499
49,329,8,128,5811,724,4.4,12,29499
50,335,0.03125,0.03125,80,8,3.7,0,999
50,336,0.03125,0.03125,374,35,3.5,0,610
50,337,0.03125,0.03125,198,17,3.9,0,899
50,338,0.03125,0.03125,8525,573,4,0,1349
50,338,0.03125,0.03125,8525,573,4,0,1349
50,338,0.03125,0.03125,8525,573,4,0,1299
50,338,0.03125,0.03125,8525,573,4,0,1299
50,338,0.03125,0.03125,8525,573,4,0,1285
50,338,0.03125,0.03125,8525,573,4,0,1285
50,338,0.03125,0.03125,8520,572,4,0,1349
50,338,0.03125,0.03125,8520,572,4,0,1349
51,339,0.03125,0.0625,23,1,3.8,0,749
52,340,6,128,928,102,4.2,0,12499
52,341,4,64,3888,392,4.3,1,11499
52,342,4,64,2899,138,4.3,1,8699
52,343,2,32,39240,3772,4.3,1,6999
52,341,4,64,3888,392,4.3,3,11499
52,340,6,128,928,102,4.2,3,12499
52,340,4,64,3812,425,4.3,3,10499
52,342,4,64,2899,138,4.3,3,8699
52,343,2,32,19122,1191,4.4,3,6999
52,344,3,32,15593,1356,4.3,3,8499
52,345,4,32,2219,238,4.2,7,11499
52,340,6,128,926,102,4.2,7,12499
52,340,4,64,3824,428,4.3,7,10499
52,346,4,4,9603,1157,4.4,8,9999
52,346,4,64,118,11,4.2,8,9999
52,345,4,64,29091,2835,4.4,8,9999
52,345,4,32,2219,238,4.2,11,11499
52,345,4,64,9760,961,4.2,11,9999
52,345,4,64,9744,959,4.2,11,9999
52,347,4,64,80,7,3.9,12,10155
52,342,4,64,2899,138,4.3,12,8699
52,343,2,32,39240,3772,4.3,12,6999
52,346,4,64,67623,8034,4.3,12,9999
52,344,3,32,15593,1356,4.3,12,8499
53,348,0.03125,0.03125,501,42,4,0,849
53,348,0.03125,0.03125,501,42,4,0,849
53,348,0.03125,0.03125,501,42,4,0,799
53,348,0.03125,0.03125,501,42,4,0,799
53,349,0.03125,0.03125,110,13,3.9,0,1349
53,350,0.03125,0.03125,200,17,3.5,0,1149
53,351,0.03125,0.03125,109,9,3.7,0,899
53,352,0.03125,0.03125,3897,456,3.7,0,1198
54,353,0.5,0.03125,9,0,3.1,0,1390
54,353,0.5,0.03125,9,0,3.1,0,1390
54,354,0.5,0.25,340,22,3.8,0,1390
54,354,0.5,0.25,340,22,3.8,0,1390
55,355,6,128,2584,193,4.4,0,19990
55,356,8,128,54274,5604,4.3,0,18990
55,356,8,128,11571,891,4.4,0,19990
55,102,3,64,34333,2395,4.4,0,10990
55,357,8,256,12684,1300,4.4,0,27990
55,358,8,128,3326,259,4.3,0,19990
55,359,3,32,2745,164,4.3,0,9990
55,360,4,64,14024,831,4.4,0,12990
55,361,6,128,206,15,4.4,0,14990
55,361,4,64,166,15,4.1,0,12990
55,362,4,128,984,111,4.1,0,13990
55,362,4,32,604,44,4.3,0,14990
55,362,6,128,1191,83,4.3,0,14990
55,363,6,128,1327,111,4.4,0,16490
55,364,2,16,38282,2745,4.3,0,8199
55,364,2,128,21196,1445,4.3,0,7990
55,364,2,32,38282,2745,4.3,0,7990
55,364,3,32,5598,498,3.9,0,8490
55,365,4,64,354415,35385,4.5,0,14990
55,365,6,64,240643,28836,4.3,0,15990
55,356,8,128,31000,2519,4.4,1,18990
55,356,8,128,30972,2517,4.4,1,18990
55,366,8,128,7488,623,4.5,1,29499
55,367,3,64,288,21,4.4,1,11490
55,368,3,64,7235,508,4.3,1,11490
55,369,8,128,16180,1199,4.4,1,16490
55,370,3,32,16262,1126,4.3,2,9490
55,370,3,64,4744,268,4.4,2,9990
55,371,3,16,13266,981,4.4,2,10990
55,372,4,64,20969,1505,4.4,2,12990
55,355,4,128,11590,842,4.5,3,16990
55,356,8,128,39240,3772,4.3,3,18990
55,102,3,128,34333,2395,4.4,3,10990
55,370,3,128,4744,268,4.4,3,9990
55,370,3,32,16262,1126,4.3,3,9490
55,371,3,64,13266,981,4.4,3,10990
55,359,3,32,2745,164,4.3,3,9990
55,372,4,64,20969,1505,4.4,3,12990
55,360,4,64,14024,831,4.4,3,13990
55,367,3,64,288,21,4.4,3,11490
55,361,6,128,206,15,4.4,3,14990
55,368,3,64,7235,508,4.3,3,11490
55,362,4,128,604,44,4.3,3,14990
55,362,6,128,1191,83,4.3,3,16990
55,363,6,128,9162,587,4.3,3,16490
55,369,8,128,16180,1199,4.4,3,16490
55,364,2,16,38282,2745,4.3,3,8950
55,364,2,128,21196,1445,4.3,3,7990
55,364,2,32,38294,2745,4.3,3,7990
55,364,2,32,38294,2745,4.3,3,7990
55,365,6,128,158599,15565,4.5,3,17990
55,365,4,64,354393,35383,4.5,3,14990
55,373,8,32,19380,2042,4.4,3,18990
55,373,6,128,146650,15652,4.4,3,16990
55,374,8,128,2882,220,4.3,3,17990
55,374,8,128,2876,220,4.3,3,17990
55,374,8,128,2882,220,4.3,3,17990
55,375,8,128,1384,91,4.4,3,17990
55,375,8,128,224444,12758,4.3,3,17990
55,358,8,128,3326,259,4.3,4,19990
55,376,8,128,20868,2341,4.3,5,24990
55,376,8,256,20879,2342,4.3,5,27990
55,377,8,128,1481,157,4.4,5,24990
55,377,8,128,1468,156,4.4,5,24990
55,377,8,256,1468,156,4.4,5,27990
55,378,8,128,5692,600,4.4,5,29990
55,373,6,128,146650,15652,4.4,7,16990
55,376,8,128,20879,2342,4.3,10,24990
55,376,8,256,20879,2342,4.3,10,27990
55,377,8,128,1468,156,4.4,10,24990
55,377,8,256,1468,156,4.4,10,27990
55,378,8,128,5692,600,4.4,10,29990
55,357,8,256,12687,1300,4.4,12,27990
